a_b,d_b,wave_frequency_K,phi_real_0,phi_imag_0,phi_real_1,phi_imag_1,phi_real_2,phi_imag_2,phi_real_3,phi_imag_3,phi_real_4,phi_imag_4,phi_real_5,phi_imag_5,phi_real_6,phi_imag_6,phi_real_7,phi_imag_7,phi_real_8,phi_imag_8,phi_real_9,phi_imag_9,phi_real_10,phi_imag_10,phi_real_11,phi_imag_11,phi_real_12,phi_imag_12,phi_real_13,phi_imag_13,phi_real_14,phi_imag_14,phi_real_15,phi_imag_15,phi_real_16,phi_imag_16,phi_real_17,phi_imag_17,phi_real_18,phi_imag_18,phi_real_19,phi_imag_19,phi_real_20,phi_imag_20,phi_real_21,phi_imag_21,phi_real_22,phi_imag_22,phi_real_23,phi_imag_23,phi_real_24,phi_imag_24,Added_Mass,Damping_Coefficient
1.0,0.1,0.5,6.011663250880303,-6.530773050068747,5.207142532129037,-5.664271693563812,5.207141909456465,-5.66427100901624,5.207141677180035,-5.664270742968885,5.207142573414054,-5.664271713222551,5.207145658083283,-5.664275080040685,5.207142573414054,-5.664271713222551,5.207141677180035,-5.664270742968885,5.207141909456465,-5.66427100901624,3.1082571350552475,-3.396880216604288,3.108255375618229,-3.396878289269549,3.1082551666165403,-3.3968780455201593,3.10825377790623,-3.39687649487084,3.1082651830327532,-3.3968890096108004,3.10825377790623,-3.39687649487084,3.1082551666165403,-3.3968780455201593,3.108255375618229,-3.396878289269549,0.0,0.0,0.0,0.0,0.0,0.0,0.0,0.0,0.0,0.0,0.0,0.0,0.0,0.0,0.0,0.0,-9.19175150119478,10.033255608923753
1.0,0.1,1.0,1.3830961018211942,-1.3655750203397081,1.0675185616470748,-1.084425832609502,1.0675203404326492,-1.084421428814808,1.067529014145187,-1.0844156258901505,1.0675383527421767,-1.0844109360400696,1.0675549650815515,-1.084422134614041,1.0675383527421767,-1.0844109360400696,1.067529014145187,-1.0844156258901505,1.0675203404326492,-1.084421428814808,0.3969282794012147,-0.46939793494099086,0.39699842297997534,-0.46946000825030876,0.3969912857152684,-0.4694363443189034,0.39694399080700027,-0.469373273685771,0.3970724050734929,-0.469495987775629,0.39694399080700027,-0.469373273685771,0.3969912857152684,-0.4694363443189034,0.39699842297997534,-0.46946000825030876,0.0,0.0,0.0,0.0,0.0,0.0,0.0,0.0,0.0,0.0,0.0,0.0,0.0,0.0,0.0,0.0,-1.3850154992774644,1.547854722070026
1.0,0.1,1.5,1.170001570408451,-1.09003716001791,0.7211133065217348,-0.7436589725097468,0.7211120921014782,-0.7436527098851623,0.7211125520926388,-0.7436472227049672,0.7211099361010459,-0.7436462256360566,0.7211281900036741,-0.7436687537998502,0.7211099361010459,-0.7436462256360566,0.7211125520926388,-0.7436472227049672,0.7211120921014782,-0.7436527098851623,-0.059651077713985055,-0.1144273996430859,-0.05952423331217504,-0.11453663004847472,-0.0595549285055748,-0.11449844519677609,-0.05965592833434489,-0.11440620740459839,-0.05946258383352388,-0.114604709335659,-0.05965592833434489,-0.11440620740459839,-0.0595549285055748,-0.11449844519677609,-0.05952423331217504,-0.11453663004847472,0.0,0.0,0.0,0.0,0.0,0.0,0.0,0.0,0.0,0.0,0.0,0.0,0.0,0.0,0.0,0.0,-0.28889079323756595,0.658163446148769
1.0,0.1,2.0,2.1300221338804857,-0.07114098079466034,0.9810105702835034,-0.03776127130268359,0.9809897842027471,-0.03774222534784341,0.9809721709104205,-0.03772353905311245,0.9809881626275252,-0.037743235004834064,0.981041691910926,-0.03776420574161312,0.9809881626275252,-0.037743235004834064,0.9809721709104205,-0.03772353905311245,0.9809897842027471,-0.03774222534784341,-0.6847485683460083,0.012067624529090692,-0.6844207871931199,0.012092755913450421,-0.6845469301637698,0.012133324513845798,-0.6848090422530186,0.012105618393897847,-0.6841980055443514,0.012046918248518345,-0.6848090422530186,0.012105618393897847,-0.6845469301637698,0.012133324513845798,-0.6844207871931199,0.012092755913450421,0.0,0.0,0.0,0.0,0.0,0.0,0.0,0.0,0.0,0.0,0.0,0.0,0.0,0.0,0.0,0.0,0.6931449792847078,0.0010310514161436038
1.0,0.2,0.5,-4.8230359862451,-2.6296999667842327,-4.348931884945921,-2.3687481545992988,-4.348930742500898,-2.368747535399216,-4.348930526218248,-2.368747421404159,-4.3489296791690375,-2.368746960520155,-4.348938915151836,-2.3687519900497263,-4.3489296791690375,-2.368746960520155,-4.348930526218248,-2.368747421404159,-4.348930742500898,-2.368747535399216,-2.9851999873751187,-1.6204383525395472,-2.985236458517257,-1.620458245167801,-2.985226362122631,-1.6204527467868282,-2.9851923614718356,-1.620434218325045,-2.985269055952282,-1.6204759978820638,-2.9851923614718356,-1.620434218325045,-2.985226362122631,-1.6204527467868282,-2.985236458517257,-1.620458245167801,0.0,0.0,0.0,0.0,0.0,0.0,0.0,0.0,0.0,0.0,0.0,0.0,0.0,0.0,0.0,0.0,8.586557460565112,4.663919089466001
1.0,0.2,1.0,0.4229794723905212,-2.2171111774173204,0.34903763359248446,-1.927072819580426,0.34903753452355024,-1.9270717136746174,0.34903772779675485,-1.9270719366345503,0.3490373805766682,-1.9270697086718838,0.34904026663867915,-1.9270855075176394,0.3490373805766682,-1.9270697086718838,0.34903772779675485,-1.9270719366345503,0.34903753452355024,-1.9270717136746174,0.17074478676249555,-1.174487853885055,0.17076172469734244,-1.174575957065425,0.17075783725226287,-1.1745542915090048,0.17074302067200667,-1.1744748405023406,0.17077391392189867,-1.1746413615146147,0.17074302067200667,-1.1744748405023406,0.17075783725226287,-1.1745542915090048,0.17076172469734244,-1.174575957065425,0.0,0.0,0.0,0.0,0.0,0.0,0.0,0.0,0.0,0.0,0.0,0.0,0.0,0.0,0.0,0.0,-0.5315153189698051,3.471355466783226
1.0,0.2,1.5,0.18793041562253435,-1.1913858279329346,0.11114490404567332,-0.9810326046313641,0.11114418979012713,-0.9810353414159612,0.11114241238346391,-0.9810362399345651,0.11114064472426434,-0.9810324061862281,0.11114030468941258,-0.9810271016754265,0.11114064472426434,-0.9810324061862281,0.11114241238346391,-0.9810362399345651,0.11114418979012713,-0.9810353414159612,-0.04358183492190265,-0.4899486533930627,-0.043576096314947646,-0.49000317716066805,-0.04357989187968184,-0.48999489425063714,-0.0435894945996701,-0.4899483270764113,-0.043574368602575575,-0.4900130155754824,-0.0435894945996701,-0.4899483270764113,-0.04357989187968184,-0.48999489425063714,-0.043576096314947646,-0.49000317716066805,0.0,0.0,0.0,0.0,0.0,0.0,0.0,0.0,0.0,0.0,0.0,0.0,0.0,0.0,0.0,0.0,0.0519399542542309,1.5313582788165616
1.0,0.2,2.0,0.15340655862757938,-0.882794474938558,0.03579556256902522,-0.6723763348201891,0.03579444193181229,-0.6723793251582775,0.03579284668364762,-0.6723809800511378,0.035792155465532,-0.6723764486240814,0.03579422135985779,-0.6723766751966139,0.035792155465532,-0.6723764486240814,0.03579284668364762,-0.6723809800511378,0.03579444193181229,-0.6723793251582775,-0.175120184100094,-0.23165413661246367,-0.17511045878614276,-0.23174427183287746,-0.17511556864850727,-0.23172887328770714,-0.1751293653019582,-0.23164737915692615,-0.17509719660306616,-0.23178636101330666,-0.1751293653019582,-0.23164737915692615,-0.17511556864850727,-0.23172887328770714,-0.17511045878614276,-0.23174427183287746,0.0,0.0,0.0,0.0,0.0,0.0,0.0,0.0,0.0,0.0,0.0,0.0,0.0,0.0,0.0,0.0,0.37234020037095106,0.8305604759233712
1.0,0.3,0.5,-2.859621734352669,-0.7329486115756398,-2.6207387836929814,-0.6707150864882303,-2.6207381188361007,-0.670714917254833,-2.620737900014543,-0.6707148624132807,-2.620738016485902,-0.6707148925109241,-2.62074099490042,-0.670715653751558,-2.620738016485902,-0.6707148925109241,-2.620737900014543,-0.6707148624132807,-2.6207381188361007,-0.670714917254833,-1.9026120789209908,-0.4845810371450821,-1.9026120925783465,-0.4845810445230812,-1.90261119363795,-0.48458081591483226,-1.9026090444362562,-0.4845802688276723,-1.902619751496424,-0.48458299786592746,-1.9026090444362562,-0.4845802688276723,-1.90261119363795,-0.48458081591483226,-1.9026120925783465,-0.4845810445230812,0.0,0.0,0.0,0.0,0.0,0.0,0.0,0.0,0.0,0.0,0.0,0.0,0.0,0.0,0.0,0.0,5.423477004027982,1.3823755302539418
1.0,0.3,1.0,-0.889152723548611,-2.0898524040132775,-0.8108858819298979,-1.8684265217644134,-0.8108864161632942,-1.8684276721690416,-0.8108867263769273,-1.868428264017325,-0.8108856905282823,-1.8684258041073825,-0.8108861197016561,-1.8684269699436378,-0.8108856905282823,-1.8684258041073825,-0.8108867263769273,-1.868428264017325,-0.8108864161632942,-1.8684276721690416,-0.581890719571174,-1.2547580984015847,-0.5819147021035113,-1.2548139217934402,-0.581909911244973,-1.254802509786577,-0.5818913592704033,-1.2547585598115067,-0.5819213038059081,-1.2548304331473858,-0.5818913592704033,-1.2547585598115067,-0.581909911244973,-1.254802509786577,-0.5819147021035113,-1.2548139217934402,0.0,0.0,0.0,0.0,0.0,0.0,0.0,0.0,0.0,0.0,0.0,0.0,0.0,0.0,0.0,0.0,1.6645263986455754,3.6305636757507456
1.0,0.3,1.5,-0.3617007645466355,-1.1923202441361702,-0.3489803551596567,-1.029121042018681,-0.3489821979104629,-1.0291241778690694,-0.34898323289354444,-1.029123844276172,-0.34898485031804505,-1.0291271339797252,-0.3489738965756098,-1.0290948198188588,-0.34898485031804505,-1.0291271339797252,-0.34898323289354444,-1.029123844276172,-0.3489821979104629,-1.0291241778690694,-0.2944302001231834,-0.6132929121538873,-0.29439079142922714,-0.6131575742210839,-0.2944033691226083,-0.6131933076631995,-0.29444262891987355,-0.613314174176952,-0.29435350946235933,-0.613044991970179,-0.29444262891987355,-0.613314174176952,-0.2944033691226083,-0.6131933076631995,-0.29439079142922714,-0.6131575742210839,0.0,0.0,0.0,0.0,0.0,0.0,0.0,0.0,0.0,0.0,0.0,0.0,0.0,0.0,0.0,0.0,0.8213102138699588,1.822472358565715
1.0,0.3,2.0,-0.30319197710126333,-0.8215496990155144,-0.31651732853979003,-0.6744797986265135,-0.3165220066685249,-0.6744841843392577,-0.316525431892263,-0.6744840233311519,-0.316528713393445,-0.674488794296001,-0.3165071875110261,-0.6744433820113817,-0.316528713393445,-0.674488794296001,-0.316525431892263,-0.6744840233311519,-0.3165220066685249,-0.6744841843392577,-0.31541396718529285,-0.3310902379964885,-0.3153434481574207,-0.33088558643378696,-0.3153691824097208,-0.33094092545309595,-0.31544267618808325,-0.331117266271168,-0.3152727590393037,-0.330731638608072,-0.31544267618808325,-0.331117266271168,-0.3153691824097208,-0.33094092545309595,-0.3153434481574207,-0.33088558643378696,0.0,0.0,0.0,0.0,0.0,0.0,0.0,0.0,0.0,0.0,0.0,0.0,0.0,0.0,0.0,0.0,0.8568551470184751,1.0375729603170019
1.0,0.4,0.5,-2.169309681194468,-0.3832168427744985,-2.0076711941875365,-0.35400101564951153,-2.007670892083387,-0.3540009628194249,-2.0076708584626024,-0.35400095736236015,-2.007670224331183,-0.3540008454989711,-2.0076736287165393,-0.3540014457716069,-2.007670224331183,-0.3540008454989711,-2.0076708584626024,-0.35400095736236015,-2.007670892083387,-0.3540009628194249,-1.5043900218296469,-0.2636934219667598,-1.504407336570259,-0.26369648140632623,-1.5044028297920866,-0.26369568618732075,-1.5043871459737763,-0.2636929175355969,-1.5044202962413795,-0.26369876693711525,-1.5043871459737763,-0.2636929175355969,-1.5044028297920866,-0.26369568618732075,-1.504407336570259,-0.26369648140632623,0.0,0.0,0.0,0.0,0.0,0.0,0.0,0.0,0.0,0.0,0.0,0.0,0.0,0.0,0.0,0.0,4.2658432706230585,0.7483795502274714
1.0,0.4,1.0,-1.4066290449238474,-1.3868548933438682,-1.291510124885953,-1.2583990700301295,-1.2915103369069931,-1.2583992739292138,-1.2915106054397452,-1.2583995255383658,-1.2915090004186656,-1.2583979452697434,-1.2915128899637451,-1.2584017836381438,-1.2915090004186656,-1.2583979452697434,-1.2915106054397452,-1.2583995255383658,-1.2915103369069931,-1.2583992739292138,-0.9462553775583379,-0.8868800410812321,-0.9462976573083461,-0.8869216085169713,-0.9462878831335745,-0.8869119741925878,-0.9462541213458697,-0.8868786426369488,-0.9463160635581321,-0.8869399463378436,-0.9462541213458697,-0.8868786426369488,-0.9462878831335745,-0.8869119741925878,-0.9462976573083461,-0.8869216085169713,0.0,0.0,0.0,0.0,0.0,0.0,0.0,0.0,0.0,0.0,0.0,0.0,0.0,0.0,0.0,0.0,2.695158206189899,2.5416436155375117
1.0,0.4,1.5,-0.7527334478003662,-1.001095608733867,-0.6992419532059444,-0.8835065309740695,-0.699245149234185,-0.88350981934974,-0.699245964881839,-0.883509868081586,-0.6992486682327282,-0.8835129689537234,-0.6992260864911068,-0.8834846200595667,-0.6992486682327282,-0.8835129689537234,-0.699245964881839,-0.883509868081586,-0.699245149234185,-0.88350981934974,-0.5330793310944666,-0.5685304268134984,-0.5330012051798926,-0.5684245525834097,-0.5330239026152034,-0.5684531392748506,-0.5330996031556318,-0.5685505434004521,-0.5329263049584103,-0.5683306797797786,-0.5330996031556318,-0.5685505434004521,-0.5330239026152034,-0.5684531392748506,-0.5330012051798926,-0.5684245525834097,0.0,0.0,0.0,0.0,0.0,0.0,0.0,0.0,0.0,0.0,0.0,0.0,0.0,0.0,0.0,0.0,1.5106147925766034,1.6588865255020662
1.0,0.4,2.0,-0.6001459232814622,-0.6952985302412782,-0.5730990407822187,-0.5895736530107174,-0.5730956824740021,-0.5895711681480569,-0.573093808881723,-0.5895706618485358,-0.5730956762759798,-0.5895734570474596,-0.5731036407663865,-0.5895801946339434,-0.5730956762759798,-0.5895734570474596,-0.573093808881723,-0.5895706618485358,-0.5730956824740021,-0.5895711681480569,-0.4725652533318366,-0.3284291414595568,-0.4725183133343582,-0.3283805449465041,-0.47252427419056764,-0.32838916331552126,-0.47255001628747023,-0.32842451545419865,-0.472531805859637,-0.32838293061382307,-0.47255001628747023,-0.32842451545419865,-0.47252427419056764,-0.32838916331552126,-0.4725183133343582,-0.3283805449465041,0.0,0.0,0.0,0.0,0.0,0.0,0.0,0.0,0.0,0.0,0.0,0.0,0.0,0.0,0.0,0.0,1.3233035447057324,0.9918864473284956
1.25,0.1,0.5,4.975905058140952,-3.6920653767881277,4.160185567212847,-3.099033345358105,4.2318230390578675,-3.1481946743257794,4.304191454524421,-3.197860850141105,4.231818061977772,-3.148191087375915,4.160181129075778,-3.099030240925976,4.231818061977772,-3.148191087375915,4.304191454524421,-3.197860850141105,4.2318230390578675,-3.1481946743257794,2.200501839373501,-1.6642819380786682,2.375165352370259,-1.7839954966491347,2.5575503731810976,-1.9090313295907368,2.375151611392984,-1.783985289168489,2.2005020747799127,-1.6642824675410484,2.375151611392984,-1.783985289168489,2.5575503731810976,-1.9090313295907368,2.375165352370259,-1.7839954966491347,0.0,0.0,0.0,0.0,0.0,0.0,0.0,0.0,0.0,0.0,0.0,0.0,0.0,0.0,0.0,0.0,-8.942426151444497,6.6980116548189645
1.25,0.1,1.0,1.5254137430856198,-1.3796112233986109,0.9475648881206676,-0.9459908787454433,1.0790069463098757,-1.0261568224484239,1.2136122486613543,-1.1083338402972958,1.0790042597940317,-1.0261509768453962,0.9475754129453472,-0.9459968074216277,1.0790042597940317,-1.0261509768453962,1.2136122486613543,-1.1083338402972958,1.0790069463098757,-1.0261568224484239,-0.04651911853542098,-0.16238806781752335,0.22600247220343217,-0.325076644302045,0.5279057608161944,-0.5063025259197997,0.2259190920803279,-0.32499578538760904,-0.04640289679663371,-0.16249251593142533,0.2259190920803278,-0.32499578538760904,0.5279057608161944,-0.5063025259197997,0.22600247220343234,-0.32507664430204514,0.0,0.0,0.0,0.0,0.0,0.0,0.0,0.0,0.0,0.0,0.0,0.0,0.0,0.0,0.0,0.0,-1.3494329432830707,1.5581227531638002
1.25,0.1,1.5,1.3261232016186424,0.18784264920450328,0.46312834969707023,-1.812683165280368,0.6368133590858909,-0.25190006303277074,0.8195230357964094,1.3734076924704501,0.6368287583430026,-0.2518465293079526,0.46316841345521836,-1.812676483900961,0.6368287583430026,-0.25184652930795337,0.8195230357964094,1.3734076924704501,0.6368133590858909,-0.25190006303276996,-0.6402101549373316,-3.570630212025795,-0.3886944465384044,-0.6652003311834924,-0.0646815857914804,2.7918774082405213,-0.3888385794722486,-0.6651387582438414,-0.6399833053918689,-3.570696940516853,-0.3888385794722487,-0.665138758243843,-0.0646815857914804,2.7918774082405213,-0.38869444653840424,-0.6652003311834908,0.0,0.0,0.0,0.0,0.0,0.0,0.0,0.0,0.0,0.0,0.0,0.0,0.0,0.0,0.0,0.0,0.3841317612813769,1.234271275318498
1.25,0.1,2.0,1.3124169399895067,1.8667275344041447,0.6840648357145568,0.7737022257647772,0.3651870522233099,0.744489095682686,0.02722920262533941,0.7195117046278733,0.3651700152691702,0.7444809452901424,0.6840877517888876,0.7737357549908634,0.3651700152691703,0.7444809452901424,0.02722920262533941,0.7195117046278733,0.36518705222330977,0.744489095682686,-0.18979289475601135,-0.4246006515107177,-0.8008820778417063,-0.6475808580085691,-1.5723149023215865,-0.8542728812287049,-0.801105901270451,-0.6478983485750681,-0.18948026419383485,-0.4241663792013032,-0.8011059012704508,-0.6478983485750681,-1.5723149023215865,-0.8542728812287049,-0.8008820778417066,-0.6475808580085692,0.0,0.0,0.0,0.0,0.0,0.0,0.0,0.0,0.0,0.0,0.0,0.0,0.0,0.0,0.0,0.0,1.6582367509138183,0.7913598708342298
1.25,0.2,0.5,-4.546967523598928,-6.328537389204381,-4.041925705460849,-5.612173908861555,-4.068489340368625,-5.653022763326317,-4.095175660900917,-5.694064854283186,-4.068487879946674,-5.653020756841538,-4.041934343499863,-5.612185943981569,-4.068487879946674,-5.653020756841538,-4.095175660900917,-5.694064854283186,-4.068489340368625,-5.653022763326317,-2.646554199776839,-3.6452665160493094,-2.7224467702473567,-3.7615624931760396,-2.799598539281428,-3.879893599932613,-2.7224045393250917,-3.761503795766219,-2.6466207980836596,-3.6453591402178933,-2.7224045393250917,-3.761503795766219,-2.799598539281428,-3.879893599932613,-2.7224467702473567,-3.7615624931760396,0.0,0.0,0.0,0.0,0.0,0.0,0.0,0.0,0.0,0.0,0.0,0.0,0.0,0.0,0.0,0.0,9.83692745638548,13.606979476020463
1.25,0.2,1.0,0.602385352684438,-1.9209935464524153,0.45822887999429834,-1.5978373862077115,0.48248024050424676,-1.6322697965001398,0.5070223992097093,-1.6671311080444828,0.4824803390341147,-1.6322675889052618,0.4582343473404829,-1.5978520661218563,0.4824803390341147,-1.6322675889052618,0.5070223992097093,-1.6671311080444828,0.48248024050424676,-1.6322697965001398,0.14503999503733941,-0.8332394767095546,0.2067565657995145,-0.9196830551960141,0.27166478252606546,-1.0106996051882349,0.20673245599513296,-0.9196013533768342,0.1450795463242354,-0.8333649292254592,0.20673245599513293,-0.9196013533768342,0.27166478252606546,-1.0106996051882349,0.20675656579951454,-0.9196830551960141,0.0,0.0,0.0,0.0,0.0,0.0,0.0,0.0,0.0,0.0,0.0,0.0,0.0,0.0,0.0,0.0,-0.843484213033975,3.4735755969748556
1.25,0.2,1.5,0.31794668013718386,-1.1662082516285548,0.11739777779884447,-0.8698021270319896,0.17557743314083765,-0.914177106791959,0.23495173926911966,-0.9595293475468534,0.17557378874405805,-0.9141746796277398,0.11739452825617933,-0.8697990295352536,0.17557378874405802,-0.9141746796277398,0.23495173926911966,-0.9595293475468534,0.17557743314083765,-0.914177106791959,-0.2294470647442725,-0.2716514859032875,-0.09342481647313397,-0.3698753536549007,0.05497776686727202,-0.4779768079301469,-0.09344048144107357,-0.36983930440665286,-0.22943168114541304,-0.2716941700648841,-0.09344048144107364,-0.36983930440665286,0.05497776686727202,-0.4779768079301469,-0.0934248164731339,-0.3698753536549007,0.0,0.0,0.0,0.0,0.0,0.0,0.0,0.0,0.0,0.0,0.0,0.0,0.0,0.0,0.0,0.0,0.14386391791005312,1.56707601092698
1.25,0.2,2.0,0.4238593982345865,-0.7817933574909421,-0.026761789604849515,-0.5906513598472737,0.14051294452911378,-0.5622560504780789,0.31322074338594574,-0.5331144901057437,0.14050654542397553,-0.5622518542250695,-0.026762538373170202,-0.5906505032771027,0.14050654542397545,-0.5622518542250695,0.31322074338594574,-0.5331144901057437,0.14051294452911386,-0.5622560504780789,-0.6763591063224392,-0.21691775783598732,-0.32622193194977994,-0.1361102313218404,0.07641047439274248,-0.0468264943117274,-0.3262632807495114,-0.13604651582091226,-0.6763025749199951,-0.21699892553866235,-0.3262632807495115,-0.13604651582091232,0.07641047439274248,-0.0468264943117274,-0.3262219319497797,-0.13611023132184036,0.0,0.0,0.0,0.0,0.0,0.0,0.0,0.0,0.0,0.0,0.0,0.0,0.0,0.0,0.0,0.0,0.7264058280583924,0.7206735259602827
1.25,0.3,0.5,-3.626189770619359,-1.591923282798561,-3.288223840784245,-1.440051253920517,-3.3034972196898096,-1.4477083578132803,-3.3188065066386545,-1.4553855407616878,-3.3034969878012923,-1.4477082608722487,-3.2882271069928426,-1.4400526893252654,-3.3034969878012923,-1.4477082608722487,-3.3188065066386545,-1.4553855407616878,-3.3034972196898096,-1.4477083578132803,-2.306368587943776,-1.0020455155574501,-2.3522951016436844,-1.024975475408432,-2.3985820687707484,-1.0481171705758348,-2.35228824981186,-1.0249724859231673,-2.306382970358888,-1.0020518073278797,-2.35228824981186,-1.0249724859231673,-2.3985820687707484,-1.0481171705758348,-2.3522951016436844,-1.024975475408432,0.0,0.0,0.0,0.0,0.0,0.0,0.0,0.0,0.0,0.0,0.0,0.0,0.0,0.0,0.0,0.0,8.410118728451781,3.668134041613561
1.25,0.3,1.0,-0.41140438677817587,-2.103053037448871,-0.3907782548987326,-1.8273967907486552,-0.3863728787512684,-1.8525291748055732,-0.3819281960645333,-1.8778730383416933,-0.38637249668010504,-1.8525265290371271,-0.3907787275300106,-1.827398755035865,-0.38637249668010504,-1.8525265290371271,-0.3819281960645333,-1.8778730383416933,-0.3863728787512684,-1.8525291748055732,-0.31489351186004816,-1.1157669457918729,-0.30248925238774665,-1.1846143970455643,-0.28961227931984956,-1.2558468548400228,-0.30248053837607985,-1.184567458769394,-0.3149045891047087,-1.1158264078092819,-0.30248053837607985,-1.184567458769394,-0.28961227931984956,-1.2558468548400228,-0.30248925238774665,-1.1846143970455643,0.0,0.0,0.0,0.0,0.0,0.0,0.0,0.0,0.0,0.0,0.0,0.0,0.0,0.0,0.0,0.0,1.0658172387242655,4.332416475472547
1.25,0.3,1.5,-0.22642125632161428,-1.171899297067568,-0.2655283576588472,-0.9555631071830665,-0.2464633301599761,-0.9821556952114252,-0.22711704146625777,-1.0091559134375678,-0.24646788748775786,-0.9821604719115198,-0.26552509706171823,-0.9555306223293228,-0.24646788748775786,-0.9821604719115198,-0.22711704146625777,-1.0091559134375678,-0.2464633301599761,-0.9821556952114252,-0.31350052862417227,-0.4592827740405549,-0.26337120585245605,-0.525498384178886,-0.2101373657339265,-0.596305511531821,-0.2634086652566315,-0.5256509366647631,-0.31345087337550986,-0.4590421131068449,-0.2634086652566315,-0.5256509366647631,-0.2101373657339265,-0.596305511531821,-0.26337120585245605,-0.525498384178886,0.0,0.0,0.0,0.0,0.0,0.0,0.0,0.0,0.0,0.0,0.0,0.0,0.0,0.0,0.0,0.0,0.8815798598457045,2.014212331087215
1.25,0.3,2.0,-0.1824904884679566,-0.8085862145900188,-0.2956411544443855,-0.6112205407710603,-0.2498624349370144,-0.632027717466018,-0.20301329581632965,-0.6533353091759804,-0.24987108267814387,-0.6320360677655503,-0.2956318279883193,-0.6111748697494829,-0.24987108267814387,-0.6320360677655503,-0.20301329581632965,-0.6533353091759804,-0.2498624349370144,-0.632027717466018,-0.45920941438003016,-0.20567493472805487,-0.3487378542863725,-0.24870114094988224,-0.2270006310667663,-0.29695856233970036,-0.34881288052210113,-0.24893968523152185,-0.4591016208829014,-0.20531259620217573,-0.3488128805221012,-0.24893968523152185,-0.2270006310667663,-0.29695856233970036,-0.34873785428637244,-0.24870114094988224,0.0,0.0,0.0,0.0,0.0,0.0,0.0,0.0,0.0,0.0,0.0,0.0,0.0,0.0,0.0,0.0,1.1121669755982682,1.05840312068362
1.25,0.4,0.5,-2.6827185391025186,-0.7425009916719834,-2.462240610677846,-0.6794414134322321,-2.4709885180167386,-0.6823951994719804,-2.479748095842905,-0.6853540741519112,-2.47098728795797,-0.6823948608574453,-2.462244659256283,-0.6794425340190874,-2.47098728795797,-0.6823948608574453,-2.479748095842905,-0.6853540741519112,-2.4709885180167386,-0.6823951994719804,-1.7981047532293357,-0.4914117911740903,-1.824407827511996,-0.5002947155607489,-1.8508774932625853,-0.5092453192564208,-1.824383032207509,-0.5002878605520311,-1.7981419130631604,-0.49142206734117644,-1.824383032207509,-0.5002878605520311,-1.8508774932625853,-0.5092453192564208,-1.824407827511996,-0.5002947155607489,0.0,0.0,0.0,0.0,0.0,0.0,0.0,0.0,0.0,0.0,0.0,0.0,0.0,0.0,0.0,0.0,6.483213449964584,1.7797803856347727
1.25,0.4,1.0,-1.1299594901569319,-1.690877336049343,-1.0327340234555833,-1.500391319786016,-1.0357288703758216,-1.5166504987479856,-1.038740365106011,-1.5330153427901516,-1.035727248508689,-1.5166480492211332,-1.0327376389952756,-1.5003967050788418,-1.035727248508689,-1.5166480492211332,-1.038740365106011,-1.5330153427901516,-1.0357288703758216,-1.5166504987479856,-0.7478927010052008,-0.9840549806058496,-0.7559594968932761,-1.0302981433430578,-0.7642232148476107,-1.0777620776735313,-0.7559263764087216,-1.0302484033160588,-0.747938430232379,-0.9841238062570923,-0.7559263764087216,-1.0302484033160588,-0.7642232148476107,-1.0777620776735313,-0.7559594968932761,-1.0302981433430578,0.0,0.0,0.0,0.0,0.0,0.0,0.0,0.0,0.0,0.0,0.0,0.0,0.0,0.0,0.0,0.0,2.695276455925464,3.7187876661822394
1.25,0.4,1.5,-0.6233933368730401,-1.049818867082552,-0.5972494757550417,-0.8876470118311458,-0.5898293321205238,-0.9061818304889646,-0.5823199363530056,-0.9249411585232887,-0.5898345620762361,-0.906186842141512,-0.597232875426289,-0.8876170313937007,-0.5898345620762361,-0.906186842141512,-0.5823199363530056,-0.9249411585232887,-0.5898293321205238,-0.9061818304889646,-0.4952265730160377,-0.491183940845577,-0.47380454722265114,-0.5401551721871665,-0.4514796296277401,-0.5918086071092948,-0.4738939153920692,-0.5402944756761208,-0.49509008790859943,-0.49096339504361514,-0.4738939153920692,-0.5402944756761208,-0.4514796296277401,-0.5918086071092948,-0.47380454722265114,-0.5401551721871665,0.0,0.0,0.0,0.0,0.0,0.0,0.0,0.0,0.0,0.0,0.0,0.0,0.0,0.0,0.0,0.0,1.6643377669463433,2.0086619478372563
1.25,0.4,2.0,-0.5188583834751647,-0.7095400106403073,-0.5399815518907771,-0.5632437352850014,-0.5197179300622347,-0.5795759278448082,-0.49906780295644804,-0.5962215136233618,-0.5197171930869503,-0.5795793732253532,-0.539984724660107,-0.5632497869990155,-0.5197171930869503,-0.5795793732253532,-0.49906780295644804,-0.5962215136233618,-0.5197179300622347,-0.5795759278448082,-0.53023802928915,-0.2400994081474552,-0.47710250330828313,-0.27834618551442697,-0.41975219474744624,-0.319898381513642,-0.4771177620549563,-0.27838258322542003,-0.5302284329896749,-0.24006465266540047,-0.4771177620549563,-0.27838258322542003,-0.41975219474744624,-0.319898381513642,-0.47710250330828313,-0.27834618551442697,0.0,0.0,0.0,0.0,0.0,0.0,0.0,0.0,0.0,0.0,0.0,0.0,0.0,0.0,0.0,0.0,1.6359233331266352,1.1011264200219533
1.5,0.1,0.5,4.34275714744017,-2.9528678186837722,3.4779645095653144,-2.3866931482250338,3.621510904713524,-2.4743334271922026,3.7682782910482393,-2.5639629184173094,3.6214944823203274,-2.4743228539696354,3.4779470876615406,-2.3866822020229455,3.6214944823203274,-2.4743228539696354,3.7682782910482393,-2.5639629184173094,3.621510904713524,-2.4743334271922026,1.5730011353933393,-1.1233425316565957,1.902724876480599,-1.3240086454542588,2.2652449067796767,-1.5448832322200379,1.9026987669405575,-1.3239912247982717,1.5729875032582386,-1.123334516797763,1.9026987669405575,-1.3239912247982717,2.2652449067796767,-1.5448832322200379,1.902724876480599,-1.3240086454542588,0.0,0.0,0.0,0.0,0.0,0.0,0.0,0.0,0.0,0.0,0.0,0.0,0.0,0.0,0.0,0.0,-8.81387901956882,6.095390873603966
1.5,0.1,1.0,2.0736471363654942,-1.4979181186866428,0.7126189919814772,-0.7454724828534611,1.2457576613570585,-0.9951802290612771,1.8086332693135498,-1.2593822356068185,1.2457515127204168,-0.9951774646980079,0.7126314814061158,-0.7454858185810138,1.2457515127204168,-0.9951774646980079,1.8086332693135498,-1.2593822356068185,1.2457576613570585,-0.9951802290612772,-1.0796556629195515,0.31491702871769467,-0.11204095123368683,-0.12502061196884948,1.1165178489030125,-0.6912428990234972,-0.11214214219643823,-0.12494393674267758,-1.079526452651304,0.3148145531732393,-0.11214214219643877,-0.1249439367426773,1.1165178489030125,-0.6912428990234972,-0.1120409512336863,-0.1250206119688497,0.0,0.0,0.0,0.0,0.0,0.0,0.0,0.0,0.0,0.0,0.0,0.0,0.0,0.0,0.0,0.0,-1.0709133261388626,1.3982802212165337
1.5,0.1,1.5,1.2643786005128255,-0.6186180961752011,1.509491157442755,-1.2042509466706781,0.8174391510106132,-0.5931484206733808,0.058993621085372074,0.0814402166656182,0.8174265694229437,-0.5931191375753413,1.5095332775566594,-1.2042574327612765,0.817426569422944,-0.5931191375753416,0.058993621085372074,0.0814402166656182,0.8174391510106129,-0.5931484206733806,1.0956560387520413,-1.217229475480836,-0.019815016939685983,-0.32932013764211454,-1.6720725601449506,1.0580027108199694,-0.020004631548553718,-0.3291994555412733,1.0959184693818391,-1.217386395472429,-0.020004631548553038,-0.32919945554127383,-1.6720725601449506,1.0580027108199694,-0.019815016939686667,-0.329320137642114,0.0,0.0,0.0,0.0,0.0,0.0,0.0,0.0,0.0,0.0,0.0,0.0,0.0,0.0,0.0,0.0,-0.1033019513618787,0.9277548022438973
1.5,0.1,2.0,0.10394732204233809,1.9384048505890288,0.2521663383267338,0.5487642212038699,-0.10870131972155243,0.5579764247461094,-0.5467560712153621,0.6097463260191059,-0.10870048568764865,0.557988605932458,0.252171258920233,0.5488280573483071,-0.10870048568764855,0.557988605932458,-0.5467560712153621,0.6097463260191059,-0.10870131972155253,0.5579764247461093,-0.07541098336181101,-0.3310337895467617,-0.3843984772357923,-0.839874356830908,-1.2394578339550937,-1.1490450080450343,-0.3843955869569446,-0.840166948002124,-0.07542356404384376,-0.33065496231487107,-0.38439558695694437,-0.8401669480021238,-1.2394578339550937,-1.1490450080450343,-0.3843984772357926,-0.8398743568309083,0.0,0.0,0.0,0.0,0.0,0.0,0.0,0.0,0.0,0.0,0.0,0.0,0.0,0.0,0.0,0.0,1.6959529244592209,1.3439046970936956
1.5,0.2,0.5,-1.5840433437271422,-8.036804683085142,-1.3998156698813782,-7.013641428487669,-1.4141934274177679,-7.123047247614136,-1.428716951830763,-7.233628171694418,-1.4141929196006129,-7.123044850091749,-1.3998193238201706,-7.013660057791346,-1.4141929196006129,-7.123044850091749,-1.428716951830763,-7.233628171694418,-1.4141934274177679,-7.123047247614136,-0.9000310071418501,-4.322001380469367,-0.9399362270846714,-4.6218543883380665,-0.9813308336351448,-4.9345889461761665,-0.9399218310599953,-4.621781851351765,-0.900053550301897,-4.322115322932603,-0.9399218310599953,-4.621781851351765,-0.9813308336351448,-4.9345889461761665,-0.9399362270846714,-4.6218543883380665,0.0,0.0,0.0,0.0,0.0,0.0,0.0,0.0,0.0,0.0,0.0,0.0,0.0,0.0,0.0,0.0,4.082598340458617,20.184153956388247
1.5,0.2,1.0,0.6642746314552962,-1.7922773145511377,0.4364345492178411,-1.4085156222014021,0.5021287130392783,-1.4828838833803977,0.5695806547282382,-1.55933518945578,0.5021301308470686,-1.4828816036826755,0.4364429218746827,-1.4085310841675913,0.5021301308470686,-1.4828816036826755,0.5695806547282382,-1.55933518945578,0.5021287130392783,-1.4828838833803977,-0.0012601082018336613,-0.5870969660452369,0.15491833067350563,-0.7601445067279704,0.3298151424845078,-0.9549701313990445,0.15489613292507098,-0.7600748880427926,-0.0012202356159583844,-0.5872007780252614,0.15489613292507087,-0.7600748880427926,0.3298151424845078,-0.9549701313990445,0.1549183306735057,-0.7601445067279705,0.0,0.0,0.0,0.0,0.0,0.0,0.0,0.0,0.0,0.0,0.0,0.0,0.0,0.0,0.0,0.0,-0.8796447887919978,3.5679976132303355
1.5,0.2,1.5,0.5635007897475425,-1.1096844111921853,0.029308944367167578,-0.7410955234097435,0.2583024870795999,-0.8215525033441369,0.4983221752007009,-0.9062468621494311,0.2582946661281418,-0.8215483187340548,0.029304551877486054,-0.741090530005279,0.25829466612814167,-0.8215483187340548,0.4983221752007009,-0.9062468621494311,0.2583024870796,-0.8215525033441369,-0.7337146241215025,-0.10017323747658638,-0.25948063474955585,-0.24900823575595538,0.32292501308146565,-0.4379152064046099,-0.25950282991755086,-0.24898795635453652,-0.7336864917680592,-0.10019241649336383,-0.25950282991755114,-0.24898795635453647,0.32292501308146565,-0.4379152064046099,-0.25948063474955557,-0.24900823575595543,0.0,0.0,0.0,0.0,0.0,0.0,0.0,0.0,0.0,0.0,0.0,0.0,0.0,0.0,0.0,0.0,0.5029403959305977,1.4776133283749353
1.5,0.2,2.0,0.35463473183125915,-0.40879395665363144,-0.10742097069243726,-0.7641931462253788,0.027328978486696028,-0.4299549859986705,0.17298889591765698,-0.07000994799231518,0.027321001481017133,-0.4299618604721983,-0.10742448679528856,-0.7641946248874145,0.027321001481017085,-0.4299618604721985,0.17298889591765698,-0.07000994799231518,0.027328978486696062,-0.4299549859986704,-0.6407285047614409,-0.9647772936353428,-0.4486636335324753,-0.3473924327355669,-0.16405048079321793,0.5072753461112136,-0.44869003293679827,-0.3473809700513027,-0.64069281567618,-0.9647821788685106,-0.4486900329367984,-0.3473809700513031,-0.16405048079321793,0.5072753461112136,-0.4486636335324752,-0.3473924327355666,0.0,0.0,0.0,0.0,0.0,0.0,0.0,0.0,0.0,0.0,0.0,0.0,0.0,0.0,0.0,0.0,1.2627235535035455,1.1300466239327251
1.5,0.3,0.5,-3.969916686608296,-2.7343227111732125,-3.5642344744327277,-2.445361008516139,-3.598395015157873,-2.472648712795536,-3.6327611419372547,-2.5001130432057725,-3.5983948332427502,-2.4726486019064406,-3.564238738688715,-2.4453639512193464,-3.5983948332427502,-2.4726486019064406,-3.6327611419372547,-2.5001130432057725,-3.598395015157873,-2.472648712795536,-2.420462523894023,-1.639265608476174,-2.521076222231003,-1.7192325446036398,-2.623827536280913,-1.8011074151152062,-2.521065791353283,-1.719225411881128,-2.4204826845940435,-1.6392794329456681,-2.521065791353283,-1.719225411881128,-2.623827536280913,-1.8011074151152062,-2.521076222231003,-1.7192325446036398,0.0,0.0,0.0,0.0,0.0,0.0,0.0,0.0,0.0,0.0,0.0,0.0,0.0,0.0,0.0,0.0,10.850544354466454,7.409967044754882
1.5,0.3,1.0,-0.18289596949510895,-2.0000158162900346,-0.21412686674069878,-1.680582511053708,-0.1944764883566554,-1.73347715192978,-0.17445263056638496,-1.7873836811134278,-0.19447654323103122,-1.7334738526275797,-0.21412739126035527,-1.6805849275332974,-0.19447654323103122,-1.7334738526275797,-0.17445263056638496,-1.7873836811134278,-0.1944764883566554,-1.73347715192978,-0.2515159705748014,-0.9130531606020593,-0.19930437421764258,-1.0505970977837051,-0.1427893156964915,-1.1994341192264915,-0.1993021507329945,-1.0505615213393404,-0.25151881683639477,-0.9130950056192746,-0.19930215073299454,-1.0505615213393404,-0.1427893156964915,-1.1994341192264915,-0.19930437421764255,-1.0505970977837051,0.0,0.0,0.0,0.0,0.0,0.0,0.0,0.0,0.0,0.0,0.0,0.0,0.0,0.0,0.0,0.0,0.8023400329014874,4.682178035877161
1.5,0.3,1.5,-0.12149172454886778,-1.1442115813414124,-0.25407722338152017,-0.8701213173799374,-0.1898777956219666,-0.9263145079614615,-0.12349563779488397,-0.9844863033435333,-0.1898831333286165,-0.9263198815112897,-0.2540757921774605,-0.8700849130503858,-0.1898831333286165,-0.9263198815112897,-0.12349563779488397,-0.9844863033435333,-0.1898777956219666,-0.9263145079614615,-0.4498288595616069,-0.30683233301688084,-0.29551222729633214,-0.4334518279937395,-0.11773663064039327,-0.580859445210089,-0.2955384367709885,-0.4335941242991779,-0.449795430146564,-0.3066142129349494,-0.29553843677098857,-0.43359412429917776,-0.11773663064039327,-0.580859445210089,-0.2955122272963321,-0.4334518279937395,0.0,0.0,0.0,0.0,0.0,0.0,0.0,0.0,0.0,0.0,0.0,0.0,0.0,0.0,0.0,0.0,1.0990862267271941,2.1008567750471876
1.5,0.3,2.0,-0.06206192503830719,-0.6999708018694151,-0.3634138926708252,-0.5514441395693959,-0.22602068164988862,-0.5402131417876413,-0.08109362941007638,-0.5282990661439448,-0.22603287138631442,-0.5402219335878758,-0.3634079448532476,-0.5513930353916175,-0.22603287138631442,-0.5402219335878758,-0.08109362941007638,-0.5282990661439448,-0.2260206816498885,-0.5402131417876413,-0.7564500431920763,-0.24694470994449705,-0.4723474715880498,-0.20474327285287053,-0.11298793350735423,-0.1537453139978284,-0.4724000969871888,-0.2049508210903236,-0.7563695181662792,-0.24663106236421248,-0.47240009698718893,-0.2049508210903236,-0.11298793350735423,-0.1537453139978284,-0.4723474715880497,-0.20474327285287053,0.0,0.0,0.0,0.0,0.0,0.0,0.0,0.0,0.0,0.0,0.0,0.0,0.0,0.0,0.0,0.0,1.6285993825241003,1.054514065407237
1.5,0.4,0.5,-3.0634342297857207,-1.2111141996744734,-2.78950848702397,-1.0978981656682132,-2.8100829139005437,-1.1079149561061563,-2.8307314981111715,-1.117975099244018,-2.8100813382354723,-1.1079143374855034,-2.7895141540239585,-1.0979004061833142,-2.8100813382354723,-1.1079143374855034,-2.8307314981111715,-1.117975099244018,-2.8100829139005437,-1.1079149561061563,-1.9869269741879219,-0.7706872614156538,-2.0483290315450002,-0.8005186193446765,-2.110687340257329,-0.8308943019746775,-2.04830224192063,-0.8005080451458941,-1.986966815894223,-0.7707029933552215,-2.04830224192063,-0.8005080451458941,-2.110687340257329,-0.8308943019746775,-2.0483290315450002,-0.8005186193446765,0.0,0.0,0.0,0.0,0.0,0.0,0.0,0.0,0.0,0.0,0.0,0.0,0.0,0.0,0.0,0.0,8.75549861247967,3.426775562566844
1.5,0.4,1.0,-0.8896271381697484,-1.7735474129649227,-0.8213740161758728,-1.5340277723672198,-0.8201563783857495,-1.5712573499451397,-0.8189102010866629,-1.6090388289670783,-0.8201548205769855,-1.5712541314738986,-0.8213777543602311,-1.5340350897828363,-0.8201548205769855,-1.5712541314738986,-0.8189102010866629,-1.6090388289670783,-0.8201563783857495,-1.5712573499451397,-0.6142334179700413,-0.9238027392091015,-0.6098688157260339,-1.0258150177968848,-0.6052061985376662,-1.1342033492714467,-0.6098456445667584,-1.0257682314832028,-0.6142645596923049,-0.9238658534281288,-0.6098456445667584,-1.0257682314832028,-0.6052061985376662,-1.1342033492714467,-0.6098688157260339,-1.0258150177968848,0.0,0.0,0.0,0.0,0.0,0.0,0.0,0.0,0.0,0.0,0.0,0.0,0.0,0.0,0.0,0.0,2.602097888391477,4.487430605468495
1.5,0.4,1.5,-0.531882626447287,-1.0491972054266892,-0.552376037000091,-0.843288335282177,-0.524393941638715,-0.8830207776861569,-0.4956354937002765,-0.9238555989295362,-0.5244003709620652,-0.8830263818192929,-0.5523590546225732,-0.8432517921586904,-0.5244003709620652,-0.8830263818192929,-0.4956354937002765,-0.9238555989295362,-0.524393941638715,-0.8830207776861569,-0.537497939850852,-0.3835544301198328,-0.4638038545246777,-0.4810237585195396,-0.3815858074445387,-0.5906500044689126,-0.4638857093829882,-0.4811646288214052,-0.5373763621148755,-0.38333506416571217,-0.4638857093829882,-0.4811646288214052,-0.3815858074445387,-0.5906500044689126,-0.46380385452467765,-0.4810237585195396,0.0,0.0,0.0,0.0,0.0,0.0,0.0,0.0,0.0,0.0,0.0,0.0,0.0,0.0,0.0,0.0,1.9136742156280104,2.2110826201391713
1.5,0.4,2.0,-0.44586047480327357,-0.6733085873463285,-0.5567540961013788,-0.5130812199083628,-0.49350168953044216,-0.5329595913633997,-0.42741361125758476,-0.5536358459146321,-0.4934990223424295,-0.5329638769128558,-0.5567561452294727,-0.5130875315617786,-0.4934990223424295,-0.5329638769128558,-0.42741361125758476,-0.5536358459146321,-0.49350168953044216,-0.5329595913633997,-0.6785512890230605,-0.18874043971732068,-0.5323161758982922,-0.22516924936981225,-0.35628619706081727,-0.26911292341637516,-0.53231282695893,-0.22519265438943797,-0.6785691529653696,-0.1887241601705607,-0.53231282695893,-0.22519265438943797,-0.35628619706081727,-0.26911292341637516,-0.532316175898292,-0.22516924936981225,0.0,0.0,0.0,0.0,0.0,0.0,0.0,0.0,0.0,0.0,0.0,0.0,0.0,0.0,0.0,0.0,2.0955978015087813,1.1259763697260023
1.75,0.1,0.5,4.007635036711444,-2.699664349694035,3.048274322381105,-2.0907952800970677,3.2692170384373394,-2.220359260976201,3.498128297389209,-2.354669966558979,3.2691462616031948,-2.220315382739372,3.0482052767645254,-2.09075377128254,3.2691462616031948,-2.220315382739372,3.498128297389209,-2.354669966558979,3.2692170384373394,-2.220359260976201,1.1171915810969384,-0.8402302958954592,1.5939121466074075,-1.118170083356637,2.1490212359250562,-1.4426908645537866,1.5938618505634334,-1.1181400567210897,1.1171383624273663,-0.8402000039063556,1.5938618505634332,-1.1181400567210897,2.1490212359250562,-1.4426908645537866,1.5939121466074078,-1.118170083356637,0.0,0.0,0.0,0.0,0.0,0.0,0.0,0.0,0.0,0.0,0.0,0.0,0.0,0.0,0.0,0.0,-8.917202496217488,6.176482246211762
1.75,0.1,1.0,4.96471931652498,-0.2564377423163287,-0.8571950363719567,-0.5471583961615115,1.9534411387440556,-0.30775025538092454,5.037734186521625,-0.04762477925130512,1.953332731389378,-0.3078401738245174,-0.8571410050043009,-0.5472627669185725,1.9533327313893767,-0.3078401738245175,5.037734186521625,-0.04762477925130512,1.953441138744057,-0.30775025538092443,-6.211921030612962,-0.6829362837173616,-1.994047038088622,-0.27862282932698834,4.470657130375159,0.3004865444925089,-1.9942457190307905,-0.2786675223915533,-6.211514154098889,-0.6829875919210497,-1.9942457190307932,-0.2786675223915535,4.470657130375159,0.3004865444925089,-1.9940470380886193,-0.27862282932698806,0.0,0.0,0.0,0.0,0.0,0.0,0.0,0.0,0.0,0.0,0.0,0.0,0.0,0.0,0.0,0.0,1.58853866342824,1.02604191067651
1.75,0.1,1.5,1.4650081817307543,-0.4212515539614452,1.7602639448695503,-0.9809478469836773,0.9933787495997577,-0.5015943383151674,0.08773581414501445,0.07682756119984578,0.993617703428193,-0.5011297649534523,1.7604142395400657,-0.9805249440889198,0.9936177034281933,-0.5011297649534525,0.08773581414501445,0.07682756119984578,0.9933787495997572,-0.5015943383151672,0.8897112938911201,-0.7098554163745349,0.009445415834949317,-0.31687481928263433,-1.8946573792020978,0.7701332198887458,0.009261020136963016,-0.31664835832849614,0.8895458507507382,-0.7103560968778379,0.009261020136963715,-0.3166483583284965,-1.8946573792020978,0.7701332198887458,0.009445415834948645,-0.3168748192826339,0.0,0.0,0.0,0.0,0.0,0.0,0.0,0.0,0.0,0.0,0.0,0.0,0.0,0.0,0.0,0.0,0.11226054188253143,0.7325188288224227
1.75,0.1,2.0,-1.04267719192358,1.2120861625904624,1.148275568975873,0.2952429793847141,0.14939381780631603,0.2671155576639279,-1.4778807804073302,0.28414161480443556,0.14903974860679528,0.26706333756763156,1.1478015617289736,0.2950362227582949,0.1490397486067959,0.2670633375676316,-1.4778807804073302,0.28414161480443556,0.14939381780631542,0.2671155576639279,-0.8054844043202789,-0.00041119129585516414,0.5356247742932779,-0.5061934350220663,-1.7022224126634853,-0.9134425527641699,0.535865138308394,-0.5063458537885661,-0.8054801029810725,-0.0004356760921533614,0.5358651383083942,-0.5063458537885659,-1.7022224126634853,-0.9134425527641699,0.5356247742932775,-0.5061934350220665,0.0,0.0,0.0,0.0,0.0,0.0,0.0,0.0,0.0,0.0,0.0,0.0,0.0,0.0,0.0,0.0,1.9838331088301282,0.9935791052835302
1.75,0.2,0.5,0.5080847085579482,-7.438733212996668,0.40786406388219687,-6.385539912584684,0.43200302481618325,-6.5428368808884185,0.4565779986084353,-6.702895025371024,0.43200298949171334,-6.542835507666703,0.4078654523659584,-6.385559796828367,0.43200298949171334,-6.542835507666703,0.4565779986084353,-6.702895025371024,0.43200302481618325,-6.5428368808884185,0.178797331686972,-3.7296598230118083,0.24188175652407237,-4.144865169425771,0.3099733901824461,-4.590345811498684,0.24187755247933,-4.144801360913218,0.17880390562889423,-3.7297580808143302,0.24187755247933,-4.144801360913218,0.3099733901824461,-4.590345811498684,0.24188175652407237,-4.144865169425771,0.0,0.0,0.0,0.0,0.0,0.0,0.0,0.0,0.0,0.0,0.0,0.0,0.0,0.0,0.0,0.0,-1.2827971695891625,21.26502728194091
1.75,0.2,1.0,0.7351478181296763,-1.744402984282386,0.3761708307150032,-1.2731852690671164,0.5091980678491467,-1.396355787115472,0.6481471907579437,-1.525271599918472,0.509199828409271,-1.396353373061962,0.37618003367630254,-1.2732003152092142,0.509199828409271,-1.396353373061962,0.6481471907579437,-1.525271599918472,0.5091980678491467,-1.396355787115472,-0.2273175228925964,-0.37009760232952954,0.06462076169685553,-0.6325473392307824,0.4171972377795371,-0.9528964571220779,0.06459940239764433,-0.6324858013934044,-0.22728181940595407,-0.3701823810421369,0.06459940239764417,-0.6324858013934043,0.4171972377795371,-0.9528964571220779,0.0646207616968557,-0.6325473392307825,0.0,0.0,0.0,0.0,0.0,0.0,0.0,0.0,0.0,0.0,0.0,0.0,0.0,0.0,0.0,0.0,-0.7619262900312623,3.6712114296032468
1.75,0.2,1.5,0.8389383063749645,-0.5653638692665464,-0.3229660933654998,-0.7680028967199719,0.2244711880904527,-0.5528428013007335,0.8183648320193984,-0.32030806032019077,0.22445132224937975,-0.5528492535048737,-0.32297658099741366,-0.7680023749885416,0.22445132224937944,-0.5528492535048737,0.8183648320193984,-0.32030806032019077,0.22447118809045294,-0.5528428013007334,-1.6242207828051802,-0.8335697716504609,-0.6774588955792649,-0.4188226174059038,0.6962232172541643,0.16165989967171066,-0.6774900935430661,-0.4188328170160712,-1.6241703383169603,-0.8335461290563819,-0.6774900935430668,-0.41883281701607145,0.6962232172541643,0.16165989967171066,-0.6774588955792643,-0.4188226174059036,0.0,0.0,0.0,0.0,0.0,0.0,0.0,0.0,0.0,0.0,0.0,0.0,0.0,0.0,0.0,0.0,1.644122485376964,1.8007090098210883
1.75,0.2,2.0,0.16556508644342263,-0.38932064345133927,0.018887332270337356,-0.8509800272752036,-0.03227845196265567,-0.48643260518386144,-0.09117266710301963,-0.06998621969567043,-0.03227495383728474,-0.4864448156781337,0.01888987368938748,-0.8509827068572927,-0.03227495383728474,-0.4864448156781338,-0.09117266710301963,-0.06998621969567043,-0.03227845196265567,-0.4864326051838612,-0.20369984312565742,-0.9244613170905978,-0.3223622919545577,-0.4419943134155983,-0.5213416431341444,0.47636852307023525,-0.3223670783818029,-0.4419946626428848,-0.20369475664242898,-0.9244414118636202,-0.3223670783818028,-0.4419946626428851,-0.5213416431341444,0.47636852307023525,-0.3223622919545578,-0.441994313415598,0.0,0.0,0.0,0.0,0.0,0.0,0.0,0.0,0.0,0.0,0.0,0.0,0.0,0.0,0.0,0.0,1.3070265550135924,1.430741842028611
1.75,0.3,0.5,-3.7703672857618704,-3.8154512519655595,-3.3553553376383913,-3.373413268993627,-3.403196708771877,-3.431914711565074,-3.451537030466961,-3.4910653669958744,-3.4031968141272504,-3.431914856646293,-3.3553602121576587,-3.373418221559866,-3.4031968141272504,-3.431914856646293,-3.451537030466961,-3.4910653669958744,-3.403196708771877,-3.431914711565074,-2.2154923200273546,-2.1790421848355224,-2.353221670469445,-2.346359617736305,-2.4962135249181734,-2.5207855169850646,-2.3532094269553934,-2.346347353863314,-2.2155146976746436,-2.17906469229457,-2.3532094269553934,-2.346347353863314,-2.4962135249181734,-2.5207855169850646,-2.353221670469445,-2.346359617736305,0.0,0.0,0.0,0.0,0.0,0.0,0.0,0.0,0.0,0.0,0.0,0.0,0.0,0.0,0.0,0.0,11.851252161100557,11.844359727261187
1.75,0.3,1.0,-0.0672871573710043,-1.9128588961363626,-0.1556162633655066,-1.545398450718855,-0.11115274840887861,-1.6278696633266236,-0.06530019288117948,-1.7129622895360475,-0.1111536333648634,-1.6278654773456405,-0.15561740105003496,-1.5454002357220074,-0.1111536333648634,-1.6278654773456405,-0.06530019288117948,-1.7129622895360475,-0.11115274840887858,-1.6278696633266236,-0.2939821262056613,-0.7261161589078086,-0.18252490178882144,-0.9281225802747006,-0.055514503365699984,-1.1587096944278503,-0.18252629565154366,-0.9280967701058815,-0.2939818911070512,-0.7261425726039393,-0.1825262956515437,-0.9280967701058815,-0.055514503365699984,-1.1587096944278503,-0.1825249017888214,-0.9281225802747006,0.0,0.0,0.0,0.0,0.0,0.0,0.0,0.0,0.0,0.0,0.0,0.0,0.0,0.0,0.0,0.0,0.788823466134355,4.9322049574577855
1.75,0.3,1.5,0.002319100982056796,-1.0784821731538368,-0.30869179652368905,-0.7784303341738097,-0.15496669352772444,-0.8470109582360908,0.007749865294204674,-0.919677588863712,-0.15497342352286106,-0.8470146478539345,-0.3086930235461892,-0.7783911885793857,-0.15497342352286114,-0.8470146478539345,0.007749865294204674,-0.919677588863712,-0.15496669352772435,-0.8470109582360908,-0.7319944937413971,-0.21896535084757204,-0.402586898981947,-0.35177759554019633,0.019363698362892614,-0.5249872225625912,-0.40260258371268787,-0.35190275378176533,-0.731972005633297,-0.21877840091681175,-0.402602583712688,-0.3519027537817653,0.019363698362892614,-0.5249872225625912,-0.4025868989819469,-0.3517775955401964,0.0,0.0,0.0,0.0,0.0,0.0,0.0,0.0,0.0,0.0,0.0,0.0,0.0,0.0,0.0,0.0,1.5536089630060959,2.113489126747632
1.75,0.3,2.0,-0.08651353576730363,-0.5032243971156156,-0.4689400454984143,-0.6039195759461153,-0.30167766254215356,-0.4634634910169133,-0.11882146718249864,-0.3087496955949853,-0.3016928229394614,-0.4634778139772243,-0.4689308072532573,-0.6038747329438661,-0.3016928229394614,-0.4634778139772243,-0.11882146718249864,-0.3087496955949853,-0.3016776625421535,-0.46346349101691325,-0.8625908084507582,-0.5778222063598452,-0.5881512726071604,-0.313830109417458,-0.1702173869200181,0.08995987362640717,-0.5882175413677536,-0.3139896146261879,-0.8624863318483004,-0.5775778694903284,-0.5882175413677537,-0.3139896146261881,-0.1702173869200181,0.08995987362640717,-0.5881512726071603,-0.31383010941745787,0.0,0.0,0.0,0.0,0.0,0.0,0.0,0.0,0.0,0.0,0.0,0.0,0.0,0.0,0.0,0.0,2.2781906387017368,1.3829369593282523
1.75,0.4,0.5,-3.267020909492116,-1.7232112761785625,-2.9531815035706805,-1.5475621344956814,-2.986159070299598,-1.5694809216755092,-3.0193570660994835,-1.5915688113766022,-2.9861574629341003,-1.569480082716237,-2.953188391825521,-1.5475657683275519,-2.9861574629341003,-1.569480082716237,-3.0193570660994835,-1.5915688113766022,-2.986159070299598,-1.5694809216755092,-2.055469605157288,-1.0542428953117406,-2.15274628919746,-1.118633427475749,-2.252642221035274,-1.1850389165995563,-2.1527200301910967,-1.118619610067796,-2.0555081325276467,-1.0542631800882258,-2.1527200301910967,-1.118619610067796,-2.252642221035274,-1.1850389165995563,-2.15274628919746,-1.118633427475749,0.0,0.0,0.0,0.0,0.0,0.0,0.0,0.0,0.0,0.0,0.0,0.0,0.0,0.0,0.0,0.0,10.759585745623895,5.602541695833523
1.75,0.4,1.0,-0.7299230307018459,-1.7688108498851505,-0.6957938965115161,-1.4862367193654185,-0.6835749128470766,-1.5459551754379883,-0.6710301854110386,-1.607151357846101,-0.6835735609804355,-1.5459513945129677,-0.6957974923294546,-1.4862448117954032,-0.6835735609804355,-1.5459513945129677,-0.6710301854110386,-1.607151357846101,-0.6835749128470766,-1.5459551754379883,-0.5651035077668797,-0.8095786625106063,-0.5313305183437532,-0.9661193334264216,-0.4938448309395106,-1.139393273043094,-0.5313146045761091,-0.9660791073582545,-0.5651241670911268,-0.8096305413468077,-0.5313146045761091,-0.9660791073582545,-0.4938448309395106,-1.139393273043094,-0.5313305183437532,-0.9661193334264216,0.0,0.0,0.0,0.0,0.0,0.0,0.0,0.0,0.0,0.0,0.0,0.0,0.0,0.0,0.0,0.0,2.6201210504945562,4.996737447028298
1.75,0.4,1.5,-0.45468828485166946,-1.021478034484187,-0.553624895884128,-0.7809489630151022,-0.48714564208604283,-0.8376742873976301,-0.4175062660249994,-0.8970297495848613,-0.48715293898862666,-0.8376792868934236,-0.55360795146167,-0.780907783196857,-0.48715293898862666,-0.8376792868934236,-0.4175062660249994,-0.8970297495848613,-0.48714564208604283,-0.8376742873976301,-0.6581185132086079,-0.2891879827401667,-0.4993511815966141,-0.41524399039683463,-0.3065772512245579,-0.5690154757345456,-0.4994262157183059,-0.4153788171857801,-0.6580096906576317,-0.28898401961504755,-0.49942621571830603,-0.41537881718578007,-0.3065772512245579,-0.5690154757345456,-0.49935118159661407,-0.4152439903968347,0.0,0.0,0.0,0.0,0.0,0.0,0.0,0.0,0.0,0.0,0.0,0.0,0.0,0.0,0.0,0.0,2.3049472065820007,2.317408506325269
1.75,0.4,2.0,-0.40852885939066197,-0.5812319857471631,-0.6248813083743116,-0.48607372079815325,-0.5124743247943535,-0.4701071931540551,-0.39147680970440996,-0.4523205859636193,-0.512469311758913,-0.4701098011387333,-0.6248827801349696,-0.486079960388494,-0.512469311758913,-0.4701098011387333,-0.39147680970440996,-0.4523205859636193,-0.5124743247943535,-0.4701071931540551,-0.8498414952876772,-0.26728316905378335,-0.6296788492243318,-0.2229429938115191,-0.32416464492142244,-0.15760064061123713,-0.6296581180181441,-0.2229486234676578,-0.8498857080530733,-0.26729051898630446,-0.6296581180181442,-0.2229486234676578,-0.32416464492142244,-0.15760064061123713,-0.6296788492243317,-0.22294299381151905,0.0,0.0,0.0,0.0,0.0,0.0,0.0,0.0,0.0,0.0,0.0,0.0,0.0,0.0,0.0,0.0,2.742782833949625,1.2202393656477437
2.0,0.1,0.5,3.8283595848632443,-2.6253528296633233,2.7377855664796957,-1.9381888170490336,3.044489075070077,-2.115529172502065,3.3667283706954914,-2.302026880753815,3.044157065952062,-2.1153379715801415,2.7374598495079496,-1.9380121615900414,3.044157065952062,-2.1153379715801415,3.3667283706954914,-2.302026880753815,3.044489075070077,-2.115529172502065,0.7392846354189426,-0.6422370338994031,1.3581009228526857,-0.9968155858492557,2.1251170274456337,-1.4385109640638256,1.3579350935244436,-0.9967415016184501,0.7390715841885023,-0.6421354873268433,1.3579350935244434,-0.9967415016184501,2.1251170274456337,-1.4385109640638256,1.358100922852686,-0.9968155858492559,0.0,0.0,0.0,0.0,0.0,0.0,0.0,0.0,0.0,0.0,0.0,0.0,0.0,0.0,0.0,0.0,-9.112808832384658,6.524316750796547
2.0,0.1,1.0,-1.0193946062695596,1.7066544308279357,1.2044887822249095,-2.943597201748652,0.013461194884924985,-0.47564629671654673,-1.3564045684117976,2.3643147565170737,0.014163712076843697,-0.4760603931561561,1.2049914365378085,-2.9434686053129555,0.01416371207684427,-0.4760603931561574,-1.3564045684117976,2.3643147565170737,0.01346119488492441,-0.4756462967165453,2.3548986187952647,-5.282460614918035,0.9913552659257389,-2.482981435227248,-1.7385672101590357,3.1500973895268167,0.9916244044525081,-2.482928097491777,2.3544456525440025,-5.281462595731739,0.991624404452509,-2.482928097491779,-1.7385672101590357,3.1500973895268167,0.991355265925738,-2.482981435227246,0.0,0.0,0.0,0.0,0.0,0.0,0.0,0.0,0.0,0.0,0.0,0.0,0.0,0.0,0.0,0.0,-1.6879126800002335,5.729883983759594
2.0,0.1,1.5,1.0181818875249817,-0.12471853450910483,2.0063112052626697,-0.9506781304476208,1.0435653583308961,-0.46681312804804126,-0.25301932046690917,0.2035136661972792,1.042866307195145,-0.46614874126322103,2.0054349925245507,-0.9501393465903556,1.0428663071951456,-0.4661487412632213,-0.25301932046690917,0.2035136661972792,1.0435653583308957,-0.46681312804804104,0.48473383014085897,-0.32631813224033895,0.2841838633438149,-0.40815451505276135,-2.016726261283974,0.6278625142728851,0.2837754708817833,-0.4081053597310703,0.4856318520738127,-0.32729763490019,0.28377547088178395,-0.40810535973107054,-2.016726261283974,0.6278625142728851,0.2841838633438143,-0.408154515052761,0.0,0.0,0.0,0.0,0.0,0.0,0.0,0.0,0.0,0.0,0.0,0.0,0.0,0.0,0.0,0.0,0.38180217272494144,0.6150651069923552
2.0,0.1,2.0,0.3462472277040248,0.7891244790062513,-0.2695138721449844,1.6802492551288686,-0.3363055722634996,0.9505280465123993,-0.33465303267303537,-0.6093579818169652,-0.33595495923975754,0.9505564902193651,-0.26864778898327646,1.6800918993746108,-0.33595495923975754,0.9505564902193655,-0.33465303267303537,-0.6093579818169652,-0.33630557226349955,0.9505280465123987,-0.15315956853360624,-1.7034589249768288,-0.7007464488574139,0.1685424880386252,-1.11760746794666,-2.1267381248168666,-0.7010858706699425,0.16804038579512987,-0.1523324801480075,-1.702067467698262,-0.7010858706699423,0.16804038579512998,-1.11760746794666,-2.1267381248168666,-0.7007464488574141,0.16854248803862515,0.0,0.0,0.0,0.0,0.0,0.0,0.0,0.0,0.0,0.0,0.0,0.0,0.0,0.0,0.0,0.0,2.7963263863639742,2.353098213468574
2.0,0.2,0.5,1.3731453083899159,-6.54660122305,1.116290772261986,-5.525282401018314,1.1775169427905492,-5.7142263218855085,1.240278843510281,-5.907878278516539,1.1775170042789842,-5.714226224854551,1.1162948319888613,-5.525301575059519,1.1775170042789842,-5.714226224854551,1.240278843510281,-5.907878278516539,1.1775169427905492,-5.7142263218855085,0.5295454639965069,-3.0554797736834796,0.6845806807292152,-3.5358449888122707,0.8566621499314963,-4.067292364762388,0.6845698229194463,-3.535792205705785,0.5295616087441104,-3.055557785956848,0.6845698229194463,-3.535792205705785,0.8566621499314963,-4.067292364762388,0.6845806807292153,-3.5358449888122707,0.0,0.0,0.0,0.0,0.0,0.0,0.0,0.0,0.0,0.0,0.0,0.0,0.0,0.0,0.0,0.0,-4.120850005022562,20.898843304650875
2.0,0.2,1.0,0.8694143846925517,-1.726928101514294,0.2803179093297935,-1.1466074732840048,0.5289339075550029,-1.3263857785976958,0.7938826124561202,-1.518497654041668,0.5289363297884897,-1.3263850280266392,0.28032797194175996,-1.1466233674292798,0.5289363297884896,-1.3263850280266392,0.7938826124561202,-1.518497654041668,0.5289339075550031,-1.3263857785976958,-0.5754333515789638,-0.1622428314435534,-0.0803439447968795,-0.5068239240171077,0.574996151995992,-0.9706069596711359,-0.08036557149243642,-0.5067706173093008,-0.5754023039366744,-0.16231157560264703,-0.0803655714924367,-0.5067706173093006,0.574996151995992,-0.9706069596711359,-0.08034394479687922,-0.5068239240171079,0.0,0.0,0.0,0.0,0.0,0.0,0.0,0.0,0.0,0.0,0.0,0.0,0.0,0.0,0.0,0.0,-0.45533735596162717,3.7068814335225007
2.0,0.2,1.5,0.19083960390034224,-0.1612548505514169,-0.30195556353076775,-1.2175590876463454,-0.10212859405784311,-0.5803595912162156,0.12372361337550523,0.1402295931271686,-0.10213095721272872,-0.5803855726025744,-0.3019535328025688,-1.2175673052832172,-0.10213095721272879,-0.5803855726025746,0.12372361337550523,0.1402295931271686,-0.10212859405784298,-0.5803595912162154,-0.7245567350225056,-1.847109265043334,-0.47549296541615393,-0.9430214071103079,-0.009878879181175543,0.685803031407404,-0.4755014183422058,-0.9430547663627927,-0.7245317222496447,-1.8470348386488706,-0.47550141834220594,-0.9430547663627936,-0.009878879181175543,0.685803031407404,-0.47549296541615377,-0.9430214071103072,0.0,0.0,0.0,0.0,0.0,0.0,0.0,0.0,0.0,0.0,0.0,0.0,0.0,0.0,0.0,0.0,1.7305054506784818,3.3109001798874775
2.0,0.2,2.0,0.049554062911270985,-0.37155938472849925,0.11871543845775571,-0.8775558473760808,-0.032451739099046854,-0.5231496159559208,-0.2243956382196266,-0.08540298126804974,-0.03243898722557436,-0.5231512162585253,0.11872139569443078,-0.8775456468775338,-0.03243898722557432,-0.5231512162585253,-0.2243956382196266,-0.08540298126804974,-0.032451739099046965,-0.5231496159559206,-0.08773108622393183,-0.7145940766304962,-0.21151318351939846,-0.467916107557746,-0.6682651862630211,0.4057025759909581,-0.21151418522406149,-0.4679188627885324,-0.08774643705156146,-0.7145720311322937,-0.21151418522406132,-0.4679188627885327,-0.6682651862630211,0.4057025759909581,-0.2115131835193986,-0.4679161075577457,0.0,0.0,0.0,0.0,0.0,0.0,0.0,0.0,0.0,0.0,0.0,0.0,0.0,0.0,0.0,0.0,1.4171663576190359,1.5050798078793064
2.0,0.3,0.5,-3.2268423153476795,-4.5445269946074145,-2.8522517568630916,-3.971852631243273,-2.903532686323127,-4.066307929323589,-2.955592641300717,-4.162293944923502,-2.9035331984940913,-4.066308742081509,-2.8522567255306277,-3.9718596867806255,-2.9035331984940913,-4.066308742081509,-2.955592641300717,-4.162293944923502,-2.903532686323127,-4.066307929323589,-1.8447475996087725,-2.47214059532447,-1.989020401867249,-2.735421716644631,-2.141511941847798,-3.0155703704756007,-1.989008311766918,-2.735404964356426,-1.8447686045591303,-2.4721699135047945,-1.989008311766918,-2.735404964356426,-2.141511941847798,-3.0155703704756007,-1.989020401867249,-2.735421716644631,0.0,0.0,0.0,0.0,0.0,0.0,0.0,0.0,0.0,0.0,0.0,0.0,0.0,0.0,0.0,0.0,11.476982063916273,15.849326354302956
2.0,0.3,1.0,0.010059965294746483,-1.850784984715044,-0.15398842024280818,-1.4287696520910702,-0.07251307709878307,-1.5424641769825345,0.012678305038404393,-1.6614284625753608,-0.0725154721541433,-1.5424591330566473,-0.15399104478693226,-1.4287704633777294,-0.07251547215414333,-1.5424591330566473,0.012678305038404393,-1.6614284625753608,-0.07251307709878303,-1.5424641769825345,-0.4039563336588349,-0.5591574686019547,-0.2128217665480478,-0.8191657109462723,0.018661723364013075,-1.1350625677802817,-0.21282639278315515,-0.8191483826812428,-0.4039550891571667,-0.5591721677335482,-0.21282639278315524,-0.8191483826812427,0.018661723364013075,-1.1350625677802817,-0.2128217665480477,-0.8191657109462724,0.0,0.0,0.0,0.0,0.0,0.0,0.0,0.0,0.0,0.0,0.0,0.0,0.0,0.0,0.0,0.0,0.9560226339736886,5.130348363004167
2.0,0.3,1.5,0.1123830082756012,-0.8928545891669913,-0.45839722872611177,-0.7338374835172732,-0.1770920857971074,-0.7300608321574601,0.1291533989863654,-0.7256837667880304,-0.17710298605378563,-0.7300642835810706,-0.45840286558006593,-0.7338017817118525,-0.1771029860537857,-0.7300642835810706,0.1291533989863654,-0.7256837667880304,-0.17709208579710722,-0.7300608321574601,-1.1212642050260242,-0.3909914023664068,-0.6031592376641465,-0.3654095475892451,0.15863167961109667,-0.33005661905612405,-0.6031708050462686,-0.3655097370007177,-1.1212420307743927,-0.39084497930123446,-0.603170805046269,-0.3655097370007177,0.15863167961109667,-0.33005661905612405,-0.603159237664146,-0.3654095475892451,0.0,0.0,0.0,0.0,0.0,0.0,0.0,0.0,0.0,0.0,0.0,0.0,0.0,0.0,0.0,0.0,2.391099970434313,2.28661548381704
2.0,0.3,2.0,-0.22468314443378368,-0.4118747484907064,-0.47464848140049964,-0.7061564457623498,-0.38192399425071116,-0.4787417952469639,-0.2780755762849642,-0.21532391175965626,-0.3819294083775703,-0.4787603314969877,-0.4746212468543133,-0.7061137600791199,-0.3819294083775703,-0.4787603314969878,-0.2780755762849642,-0.21532391175965626,-0.3819239942507111,-0.4787417952469639,-0.6666695455882883,-0.7481553090788771,-0.5550595977392749,-0.4444143388857272,-0.355572853924875,0.18143939318205554,-0.5551522419891085,-0.4445503985823721,-0.6665325094487837,-0.747939155140322,-0.5551522419891085,-0.44455039858237233,-0.355572853924875,0.18143939318205554,-0.5550595977392748,-0.44441433888572696,0.0,0.0,0.0,0.0,0.0,0.0,0.0,0.0,0.0,0.0,0.0,0.0,0.0,0.0,0.0,0.0,2.622540834069423,1.841457548317797
2.0,0.4,0.5,-3.2992288913417034,-2.20053922708317,-2.9627992978724738,-1.9576810228956854,-3.0063368705012783,-1.9956737784052287,-3.0503222574610027,-2.034109274516839,-3.0063355085814747,-1.9956728865598268,-2.962806786954295,-1.9576860207628894,-3.0063355085814747,-1.9956728865598268,-3.0503222574610027,-2.034109274516839,-3.0063368705012783,-1.9956737784052287,-2.020520596146017,-1.2940147515928522,-2.147101634536283,-1.4037917857041733,-2.2787895759111962,-1.5187093021662414,-2.1470777223141075,-1.4037758952680446,-2.0205550487618384,-1.2940376698514529,-2.1470777223141075,-1.4037758952680446,-2.2787895759111962,-1.5187093021662414,-2.147101634536283,-1.4037917857041733,0.0,0.0,0.0,0.0,0.0,0.0,0.0,0.0,0.0,0.0,0.0,0.0,0.0,0.0,0.0,0.0,12.290605627554353,8.05986292535107
2.0,0.4,1.0,-0.6250141475237052,-1.738040946170991,-0.6326394649470597,-1.4138303162412214,-0.6025364898491868,-1.4964585768682916,-0.5712951238065053,-1.5820740213984652,-0.6025354961995698,-1.496454280603415,-0.632642960626012,-1.4138381488493936,-0.6025354961995698,-1.496454280603415,-0.5712951238065053,-1.5820740213984652,-0.6025364898491868,-1.4964585768682916,-0.58020848948527,-0.6851409892151531,-0.5026758142299937,-0.8908610538448396,-0.41231046065145943,-1.1296749524146266,-0.5026653421973618,-0.890828044634564,-0.5802219389264189,-0.685180903371026,-0.5026653421973618,-0.8908280446345639,-0.41231046065145943,-1.1296749524146266,-0.5026758142299937,-0.8908610538448397,0.0,0.0,0.0,0.0,0.0,0.0,0.0,0.0,0.0,0.0,0.0,0.0,0.0,0.0,0.0,0.0,2.781358561254339,5.36014060550592
2.0,0.4,1.5,-0.38552880231860176,-0.9569391530458828,-0.603236279852641,-0.7200920745789853,-0.478021528680777,-0.7739711719454277,-0.3438499305598031,-0.8313781187909176,-0.4780298416311705,-0.7739750030084683,-0.6032201153153837,-0.7200493233147148,-0.4780298416311705,-0.7739750030084683,-0.3438499305598031,-0.8313781187909176,-0.478021528680777,-0.7739711719454277,-0.8510346179843462,-0.26379020833694533,-0.5852667343775307,-0.3679176395527083,-0.22651037041300118,-0.5070297446843642,-0.5853365323418148,-0.36804038632297753,-0.8509349817925218,-0.26361162652254055,-0.5853365323418149,-0.3680403863229775,-0.22651037041300118,-0.5070297446843642,-0.5852667343775306,-0.36791763955270834,0.0,0.0,0.0,0.0,0.0,0.0,0.0,0.0,0.0,0.0,0.0,0.0,0.0,0.0,0.0,0.0,2.90138624544039,2.403074718632019
2.0,0.4,2.0,-0.4446382315644275,-0.4778379010500832,-0.694696588010307,-0.5197564078815783,-0.5714043644287289,-0.4365487841666983,-0.4345517561690316,-0.3416994944865984,-0.5714011363963926,-0.4365476343876723,-0.6947007890964855,-0.5197623364095709,-0.5714011363963926,-0.4365476343876723,-0.4345517561690316,-0.3416994944865984,-0.5714043644287289,-0.4365487841666983,-0.8934401075635439,-0.43629265127111483,-0.6973362011298259,-0.2952420993415493,-0.3763253270505906,-0.039214642988603436,-0.6973044917225661,-0.29522996055637346,-0.8935017683886834,-0.43632512570772475,-0.6973044917225663,-0.29522996055637357,-0.3763253270505906,-0.039214642988603436,-0.6973362011298258,-0.29524209934154927,0.0,0.0,0.0,0.0,0.0,0.0,0.0,0.0,0.0,0.0,0.0,0.0,0.0,0.0,0.0,0.0,3.4036798776189463,1.5201994010051982
